{"current":{"data":{"pt2-scaled":{"time":"2020-03-09T17:33:57.003000Z","RD:647-PI2038_BedPressure-PV":{"times":[0,5,15,25,35,45,55],"values":[278.2077267039,278.1428127175,278.1213521508,278.0442234354,277.8885794479,277.7036635949,277.5885505001]},"RD:647-XY2075_ClearWaterHeight-PV":{"times":[0,5,15,25,35,45,55],"values":[5.6029151681,5.6155424589,5.6274941903,5.6314720999,5.639386363,5.6854248522,5.7043990546]},"RD:647-XY2008_FeedPercSolids-PV":{"times":[0,5,15,25,35,45,55],"values":[32.4319937428,32.4319953918,32.4319953918,32.4319953918,32.4319953918,32.4319953918,32.4319953918]},"RD:647-XY2090_FeedSolidsFlow-PV":{"times":[0,5,15,25,35,45,55],"values":[1005.9887384604,1005.9887084961,1005.9887084961,1005.9887084961,1005.9887084961,1005.9887084961,1005.9887084961]},"RD:647-XY2091_FeedSolidsFlowSimple-PV":{"times":[0,5,15,25,35,45,55],"values":[949.6893716069,951.0416502422,951.0416502422,951.0416502422,951.0416502422,951.0416502422,951.0416502422]},"RD:673-FI2090_FlocDilutionFlow-PV":{"times":[0,5,15,25,35,45,55],"values":[46.9954363153,46.9954376221,46.9954376221,46.9954376221,46.9954376221,46.9954376221,46.9954376221]},"RD:647-TK458_FlocDose-PV":{"times":[0,5,15,25,35,45,55],"values":[11.1952658484,20.3333339691,20.3333339691,20.3333339691,20.3333339691,20.3333339691,20.3333339691]},"RD:647-TK458_FlocDoseSimple-PV":{"times":[0,5,15,25,35,45,55],"values":[11.8681211428,11.8534027957,11.8534027957,11.8534027957,11.8534027957,11.8534027957,11.8534027957],"min":11.305206413694444,"max":12.416317524805555,"direct":11.86076196925},"RD:647-XY2042_MudHeight-PV":{"times":[0,5,15,25,35,45,55],"values":[9.8817650636,9.8755341747,9.8767339062,9.872649344,9.8636978408,9.8372677842,9.8124226677]},"RD:647-TK458-OI2007_RakeTorque-PV":{"times":[0,5,15,25,35,45,55],"values":[18.7825771794,18.812125647,18.616456142,18.6278270752,18.7442240494,18.6805337433,18.7596793443]},"RD:647-XY2020_UnderflowRate-PV":{"times":[0,5,15,25,35,45,55],"values":[978.5048890538,1033.7848754883,1156.629309082,1224.1937255859,1224.1937255859,1224.1937255859,1224.1937255859],"min":974.7267004528682,"max":1037.5630640892318,"direct":1006.1448822710499},"RD:647-XY2089_UnderflowPercSolids-PV":{"times":[0,5,15,25,35,45,55],"values":[67.1364411159,67.1218490592,67.1236101478,67.1400526761,67.1264536737,67.1178790399,67.1307770474]},"Flocculant Flow Rate":{"times":[0,5,15,25,35,45,55],"values":[null,8.1820417516,8.1820417516,8.1820417516,8.1820417516,8.1820417516,8.1820417516]},"Uncertainty_RD:647-XY2089_UnderflowPercSolids-PV":{"times":[0,5,15,25,35,45,55],"values":[null,0.1647704159,0.1778671817,0.1783908252,0.2090406896,0.19642473,0.2258497538]},"Uncertainty_RD:647-PI2038_BedPressure-PV":{"times":[0,5,15,25,35,45,55],"values":[null,0.1288244597,0.1646184532,0.160012497,0.1560661166,0.2062408306,0.1974985572]},"Uncertainty_RD:647-XY2075_ClearWaterHeight-PV":{"times":[0,5,15,25,35,45,55],"values":[null,0.0202486979,0.0188370445,0.0205441928,0.0252189499,0.0383091894,0.0423661111]},"Uncertainty_RD:647-XY2042_MudHeight-PV":{"times":[0,5,15,25,35,45,55],"values":[null,0.0195860599,0.0211898283,0.0233189583,0.0237431002,0.0387004195,0.0414249374]},"Uncertainty_RD:647-TK458-OI2007_RakeTorque-PV":{"times":[0,5,15,25,35,45,55],"values":[null,0.8749170267,0.9625479622,0.8057045779,0.809390684,1.0568951396,0.9574354204]},"Uncertainty Status":{"RD:647-PI2038_BedPressure-PV":"OK","RD:647-XY2075_ClearWaterHeight-PV":"OK","RD:647-TK458-OI2007_RakeTorque-PV":"OK","RD:647-XY2089_UnderflowPercSolids-PV":"OK"},"model_version":"v0.2","message":"Prediction ok","Data_Quality_RD:647-PI2038_BedPressure-PV":{"times":[0],"values":["OK"]},"Data_Quality_RD:647-XY2075_ClearWaterHeight-PV":{"times":[0],"values":["OK"]},"Data_Quality_RD:647-XY2008_FeedPercSolids-PV":{"times":[0],"values":["OK"]},"Data_Quality_RD:647-XY2090_FeedSolidsFlow-PV":{"times":[0],"values":["OK"]},"Data_Quality_RD:647-XY2091_FeedSolidsFlowSimple-PV":{"times":[0],"values":["OK"]},"Data_Quality_RD:673-FI2090_FlocDilutionFlow-PV":{"times":[0],"values":["OK"]},"Data_Quality_RD:647-TK458_FlocDose-PV":{"times":[0],"values":["OK"]},"Data_Quality_RD:647-TK458_FlocDoseSimple-PV":{"times":[0],"values":["OK"]},"Data_Quality_RD:647-XY2042_MudHeight-PV":{"times":[0],"values":["OK"]},"Data_Quality_RD:647-TK458-OI2007_RakeTorque-PV":{"times":[0],"values":["OK"]},"Data_Quality_RD:647-XY2020_UnderflowRate-PV":{"times":[0],"values":["OK"]},"Data_Quality_RD:647-XY2089_UnderflowPercSolids-PV":{"times":[0],"values":["OK"]}}},"metadata":{"interval":300000,"time":"2020-03-09T17:33:57.003Z","pt2-scaled":{"time":"2020-03-09T17:33:57.003Z","asset":"pt2-scaled","company":"referencia","task":"optimize","version":"v0.2","optiConfig":{"rewards":{"Underflow Percent Solids | Regressed Variance":{"function":"RegressedVarianceReward","field":"Underflow Percent Solids","weight":60},"Mass Balance":{"function":"MassBalanceReward","width":100,"weight":0.0075,"setpoint":0},"Flocculant Flow Rate | Min Mean":{"function":"MeanReward","field":"Flocculant Flow Rate","maximize":false,"weight":0,"power":1},"Flocculant Dosage | Setpoint":{"function":"DosageReward","setpoint":18,"weight":0.001,"width":0.5},"Underflow Percent Solids | Min Variance":{"function":"VarianceReward","field":"Underflow Percent Solids","maximize":false,"weight":0},"Underflow Percent Solids | Max Constraint":{"function":"MaxConstraint","field":"Underflow Percent Solids","limit":70,"weight":0,"slope":1},"Bed Pressure | Max Constraint":{"function":"MaxConstraint","field":"Bed Pressure","limit":237,"weight":0,"slope":1},"Bed Mud Delta":{"function":"BedMudReward","weight":0},"Flocculant Dilution Ratio | Setpoint":{"function":"RatioReward","setpoint":9,"weight":0,"width":1},"Rake Torque | Max Constraint":{"function":"MaxConstraint","field":"Rake Torque","limit":18,"weight":0,"slope":2},"Clear Water Height | Power Max Constraint":{"function":"PowerConstraint","field":"Clear Water Height","weight":0.833,"softLimit":6.84,"hardLimit":6.6,"power":1.85},"Clear Water Height | Min Constraint":{"function":"MinConstraint","field":"Clear Water Height","limit":3.5,"weight":0,"slope":5},"Underflow Percent Solids | Max Mean":{"function":"MeanReward","field":"Underflow Percent Solids","maximize":true,"weight":1,"power":1},"Clear Water Height | Max Mean":{"function":"MeanReward","field":"Clear Water Height","maximize":true,"weight":0.25,"power":0.8},"Rake Torque | Power Max Constraint":{"function":"PowerConstraint","field":"Rake Torque","weight":1,"softLimit":12.5,"hardLimit":14,"power":2},"Underflow Percent Solids | Power Max Constraint":{"function":"PowerConstraint","field":"Underflow Percent Solids","weight":1,"softLimit":70,"hardLimit":71,"power":2},"Bed Pressure | Power Max Constraint":{"function":"PowerConstraint","field":"Bed Pressure","weight":0.833,"softLimit":258,"hardLimit":260.4,"power":1.933},"Underflow Flow Rate | Power Min Constraint":{"function":"PowerConstraint","field":"Underflow Flow Rate","weight":0,"softLimit":350,"hardLimit":300,"power":2},"Underflow Flow Rate | Power Max Constraint":{"function":"PowerConstraint","field":"Underflow Flow Rate","weight":0,"softLimit":600,"hardLimit":750,"power":2},"Flocculant Flow Rate | Power Min Constraint":{"function":"PowerConstraint","field":"Flocculant Flow Rate","weight":0,"softLimit":1,"hardLimit":0.5,"power":2},"Flocculant Flow Rate | Power Max Constraint":{"function":"PowerConstraint","field":"Flocculant Flow Rate","weight":0,"softLimit":5,"hardLimit":6,"power":2}},"limits":{"Flocculant Flow Rate":{"max":null,"min":null,"points":null,"change":null},"Flocculant Dose":{"max":22,"min":12,"points":9,"change":50},"Underflow Flow Rate":{"max":1296,"min":604.8,"points":11,"change":13.82}}}}},"err":null},"previous":{"data":{"pt2-scaled":{"time":"2020-03-09T17:28:57.005000Z","RD:647-PI2038_BedPressure-PV":{"times":[0,5,15,25,35,45,55],"values":[278.2657555999,278.2338810748,278.20013429,278.1329666077,277.9777075113,277.8305740112,277.6930517737]},